rn,HR,HR_lci_bootstrap,HR_uci_bootstrap
levelFALSE,1.00524499355875,1.00239554160546,1.00810254548465
levelTRUE,1.00918704435241,1.00634065503267,1.01204148455642
