rn,HR,HR_lci_bootstrap,HR_uci_bootstrap
level0,1.00175506293977,0.999618103348759,1.00389659087171
level1,1.00498130069273,1.00280168002427,1.00716565883457
