rn,HR,HR_lci_bootstrap,HR_uci_bootstrap
level0,1.01860061829941,1.01516494407914,1.02204792004624
level1,0.999986558464436,0.996582407809368,1.00340233710088
