rn,HR,HR_lci_bootstrap,HR_uci_bootstrap
level1,1.01098112747141,1.0081931581485,1.01377680640124
level2,1.00511170508299,1.00232145860363,1.00790971900596
