rn,HR,HR_lci_bootstrap,HR_uci_bootstrap
level1,1.00929065286732,1.00579143920194,1.01280204052405
level2,1.01415136201128,1.0106343639544,1.01768059918823
