rn,HR,HR_lci_bootstrap,HR_uci_bootstrap
levelFALSE,1.00231333900068,0.999995746476885,1.00463630278242
levelTRUE,1.00383197252981,1.00151761744345,1.00615167573923
