rn,HR,HR_lci_bootstrap,HR_uci_bootstrap
level0,1.00837407470844,1.00575404300574,1.01100093170423
level1,1.00421864459062,1.00161751504406,1.00682652908587
