rn,HR,HR_lci_bootstrap,HR_uci_bootstrap
levelFALSE,1.00737674941704,1.00509700589862,1.00966166381
levelTRUE,1.00313439687931,1.0008536347983,1.00542035639928
