rn,HR,HR_lci_bootstrap,HR_uci_bootstrap
levelFALSE,1.07279075606109,1.06696912178974,1.07864415453713
levelTRUE,1.07985905082172,1.07400711682172,1.08574287020776
