rn,HR,HR_lci_bootstrap,HR_uci_bootstrap
level0,1.06190019519839,1.05706269443726,1.06675983411058
level1,1.04130623767565,1.03654454823885,1.04608980141233
