rn,HR,HR_lci_bootstrap,HR_uci_bootstrap
level1,1.11781311549834,1.11061263058645,1.12506028363851
level2,1.10658859750795,1.09947769965029,1.11374548526459
