rn,HR,HR_lci_bootstrap,HR_uci_bootstrap
levelFALSE,1.08158328304664,1.07587039003776,1.08732651163017
levelTRUE,1.08641043565296,1.08069425410339,1.09215685214769
