rn,HR,HR_lci_bootstrap,HR_uci_bootstrap
levelFALSE,1.0519327588432,1.04716340393705,1.05672383600028
levelTRUE,1.06028241914204,1.05545135609371,1.06513559516605
