rn,HR,HR_lci_bootstrap,HR_uci_bootstrap
level1,1.08892401715694,1.08398170278611,1.09388886555327
level2,1.08145291285553,1.07651636504433,1.0864120980414
