rn,HR,HR_lci_bootstrap,HR_uci_bootstrap
level0,1.11916596582434,1.11206589992951,1.12631136260803
level1,1.09140171693217,1.08450761779499,1.09833964112151
