rn,HR,HR_lci_bootstrap,HR_uci_bootstrap
levelFALSE,1.05171867280517,1.04553278256744,1.05794116183605
levelTRUE,1.0405484879121,1.03444794052926,1.04668501262828
