rn,HR,HR_lci_bootstrap,HR_uci_bootstrap
levelFALSE,1.022409762292,1.01858362192704,1.02625027491838
levelTRUE,1.01451861497949,1.01072731286654,1.01832413850658
