rn,HR,HR_lci_bootstrap,HR_uci_bootstrap
level1,1.05724740160882,1.05216814063834,1.06235118232192
level2,1.05338347242962,1.04832211464596,1.05846926673165
