rn,HR,HR_lci_bootstrap,HR_uci_bootstrap
level1,1.02285853377618,1.01879948798762,1.02693375139531
level2,1.01813118761245,1.01411094373576,1.02216736895726
