rn,HR,HR_lci_bootstrap,HR_uci_bootstrap
levelFALSE,1.10524563225947,1.0984616329123,1.11207152897089
levelTRUE,1.12070751476327,1.11373583560922,1.12772283470597
