rn,HR,HR_lci_bootstrap,HR_uci_bootstrap
levelFALSE,1.08299792414418,1.07782913090294,1.08819150463862
levelTRUE,1.08620296821622,1.08104474667374,1.09138580229167
