rn,coef,exp(coef),se(coef),robust se,z,Pr(>|z|),IQRunit,HR_IQR,HR_lci,HR_uci
pm25,0.0167171299642317,1.01685764308137,0.000284167260863359,0.000281942641602473,59.2926627530226,0,3.9702558181839,1.06862340469321,1.06628142202966,1.0709705312922
ox,0.00597957986017358,1.00599749323485,0.000207153971158273,0.000205587793873756,29.085286375734,5.51065294075805e-186,4.9025729414317,1.0297492504345,1.02771698681926,1.03178553275865
