rn,HR,HR_lci_bootstrap,HR_uci_bootstrap
levelFALSE,1.01772926757368,1.01360817489297,1.02186711564893
levelTRUE,1.02144166006509,1.01729849136652,1.0256017027166
