rn,HR,HR_lci_bootstrap,HR_uci_bootstrap
level0,1.08121555690912,1.07612411283477,1.08633109002902
level1,1.08915763619143,1.08405005514389,1.09428928198028
