rn,HR,HR_lci_bootstrap,HR_uci_bootstrap
levelFALSE,1.05593722635792,1.05074909794756,1.06115097142258
levelTRUE,1.0536736084405,1.04849204241299,1.05888078136384
