rn,HR,HR_lci_bootstrap,HR_uci_bootstrap
level0,1.02323654137935,1.01934617658567,1.02714175386519
level1,1.0139278674816,1.0100438848676,1.01782678540799
