rn,HR,HR_lci_bootstrap,HR_uci_bootstrap
levelFALSE,1.08827528130848,1.07751795108096,1.09914000664112
levelTRUE,1.11101826301163,1.09984029437518,1.1223098363082
