rn,HR,HR_lci_bootstrap,HR_uci_bootstrap
levelFALSE,1.11525835428134,1.1075799463241,1.1229899935642
levelTRUE,1.10583987266814,1.09824306576186,1.11348922848365
