rn,HR,HR_lci_bootstrap,HR_uci_bootstrap
levelFALSE,1.03055795873404,1.02552292028688,1.03561771784971
levelTRUE,1.01363618415377,1.00870511155185,1.01859136239047
