rn,HR,HR_lci_bootstrap,HR_uci_bootstrap
levelFALSE,1.00749127486411,1.00478083426521,1.01020902699602
levelTRUE,1.00457870567329,1.00188058695722,1.00728409056928
