rn,HR,HR_lci_bootstrap,HR_uci_bootstrap
levelFALSE,1.00231375400413,1.00007578131914,1.00455673483135
levelTRUE,1.00214306156272,0.999916517262388,1.00437456377647
