rn,HR,HR_lci_bootstrap,HR_uci_bootstrap
level1,1.00355528651408,1.00108408320149,1.00603259005932
level2,1.00861700657812,1.00611511337108,1.01112512121006
