rn,HR,HR_lci_bootstrap,HR_uci_bootstrap
levelFALSE,0.997053617695862,0.99428863419011,0.99982629025037
levelTRUE,1.01625908951069,1.01342526158504,1.01910084163265
