rn,HR,HR_lci_bootstrap,HR_uci_bootstrap
level1,1.00206702026179,0.99977676289084,1.00436252408278
level2,1.00353789400001,1.00124900072178,1.00583201977529
