rn,HR,HR_lci_bootstrap,HR_uci_bootstrap
level0,1.00562757710879,1.00301415501496,1.00824780865293
level1,1.00977651514999,1.0071548899054,1.01240496448787
