rn,HR,HR_lci_bootstrap,HR_uci_bootstrap
levelFALSE,1.00913257859489,1.00662441508435,1.01164699159044
levelTRUE,1.00407913605343,1.00157702405369,1.0065874987601
