rn,coef,exp(coef),se(coef),z,Pr(>|z|),V2,HR_IQR,HR_lci,HR_uci
get(pollutants_i),0.00139963922315863,1.00140061917528,0.000179282130838006,7.80690867860841,5.86077031459075e-15,4.7504817145747,1.00667111394656,1.00499209381304,1.00835293918534
