rn,coef,exp(coef),se(coef),z,Pr(>|z|),IQRunit,HR_IQR,HR_lci,HR_uci
pm25,0.000984857467658982,1.00098534259902,0.000291314844058669,3.38073217944445,0.000722929692848254,3.6960946619632,1.00364675973547,1.00153091168914,1.00576707775162
no2,0.000768205332622777,1.00076850047791,8.54406209808209e-05,8.99110193493582,2.44763911560477e-19,14.0350101297365,1.01084010235807,1.00846706055824,1.01321872820482
ozone_summer,0.000184602616803546,1.00018461965692,0.000129759261316485,1.42265465239739,0.154836292455556,6.4067285159954,1.00118339851329,0.999553387185416,1.00281606796525
