rn,coef,exp(coef),se(coef),robust se,z,Pr(>|z|),V2,HR_IQR,HR_lci,HR_uci
get(pollutants_i),0.000894671867407462,1.00089507220566,7.77399644510534e-05,7.65435506846823e-05,11.6884029993986,1.46108124910216e-31,14.305110201878,1.01288062943211,1.01070922742634,1.0150566964657
