rn,coef,exp(coef),se(coef),robust se,z,Pr(>|z|),V2,HR_IQR,HR_lci,HR_uci
get(pollutants_i),0.000556682505915595,1.00055683748238,0.000111426018126466,0.000110539136625797,5.03606707007406,4.75194116437795e-07,6.64127630235586,1.00370392497337,1.00226078344068,1.00514914446572
