rn,coef,exp(coef),se(coef),z,Pr(>|z|),V2,HR_IQR,HR_lci,HR_uci
get(pollutants_i),0.000901147164704427,1.0009015533198,7.83289762672273e-05,11.5046462707501,1.25000791009983e-30,14.0350101297365,1.01272792885753,1.01054813094975,1.01491242868773
