rn,coef,exp(coef),se(coef),z,Pr(>|z|),V2,HR_IQR,HR_lci,HR_uci
get(pollutants_i),0.00209921012312236,1.00210141500726,0.000252968710641986,8.29829949243514,1.05612162541275e-16,3.6960946619632,1.00778905743357,1.00594388175752,1.0096376176655
