rn,coef,exp(coef),se(coef),z,Pr(>|z|),V2,HR_IQR,HR_lci,HR_uci
get(pollutants_i),0.000462778385256429,1.00046288548369,0.000122216026173695,3.78656056611366,0.00015274687802847,6.4067285159954,1.0029692951271,1.00143122910558,1.00450972341475
