HR,HR_lci_bootstrap,HR_uci_bootstrap
1.00224249081762,1.00030861514971,1.00418010520681
