HR,HR_lci_bootstrap,HR_uci_bootstrap
1.01187827691058,1.00871712991359,1.0150493304017
