HR,HR_lci_bootstrap,HR_uci_bootstrap
1.05337502597359,1.04824580305403,1.05852934694523
1.08542511315782,1.07880406720234,1.09208679508314
0.99905350888035,0.995523546001229,1.00259598842769
