HR,HR_lci_bootstrap,HR_uci_bootstrap
1.05473270646279,1.05002693577659,1.05945956639632
