rn,coef,IQRunit,HR_IQR
levelFALSE,0.000368184766465742,6.27696093793253,1.00231375400413
levelTRUE,0.000341051745106122,6.27696093793253,1.00214306156272
