rn,coef,IQRunit,HR_IQR
levelFALSE,0.00142048543960344,3.68274558984908,1.00524499355875
levelTRUE,0.002483228867442,3.68274558984908,1.00918704435241
