rn,coef,IQRunit,HR_IQR
levelFALSE,0.000981776613092147,4.74553756184658,1.00466992807974
levelTRUE,0.00148726547356868,4.74553756184658,1.00708283966303
