rn,coef,IQRunit,HR_IQR
levelFALSE,0.000695985767290286,13.8357546161894,1.00967600099293
levelTRUE,0.00105663157357184,13.8357546161894,1.01472667972467
