HR,HR_lci_bootstrap,HR_uci_bootstrap
1.00579268038629,1.00353005924513,1.00806040297346
