HR,HR_lci_bootstrap,HR_uci_bootstrap
1.00717012410669,1.00473812481508,1.0096080101268
