HR,HR_lci_bootstrap,HR_uci_bootstrap
1.00560730090222,1.00293678620448,1.00828492636591
1.00399471955234,1.00152563042972,1.00646989578937
