HR,HR_lci_bootstrap,HR_uci_bootstrap
1.00346994537408,1.00055360940586,1.00639478165192
1.01020877120771,1.00683203488283,1.01359683250816
1.00061535938937,0.998434903128544,1.00280057749244
