HR,HR_lci_bootstrap,HR_uci_bootstrap
1.07032589320239,1.06528416932253,1.07539147830202
1.03131485116278,1.02686809502413,1.03578086356254
