HR,HR_lci_bootstrap,HR_uci_bootstrap
1.01979187422929,1.01608189045667,1.02351540413408
