HR,HR_lci_bootstrap,HR_uci_bootstrap
1.11047213965411,1.10360348605123,1.11738354267098
