HR,HR_lci_bootstrap,HR_uci_bootstrap
1.08405560445067,1.07901342400802,1.08912134677222
