rn,coef,IQRunit,HR_IQR,HR_lci,HR_uci
level1,-0.000553831615458981,3.81217639117799,0.997890923425015,0.996721201821938,0.99906201777769
level2,0.00465475705322268,3.81217639117799,1.01790312848871,1.01669694213999,1.01911074582974
