rn,coef,IQRunit,HR_IQR,HR_lci,HR_uci
levelFALSE,0.0015727101,4.8137655078,1.0075993873,1.0064218258,1.0087783266
level2TRUE,-0.0006100677,4.8137655078,0.997067585,0.9960255499,0.9981107102
