rn,coef,IQRunit,HR_IQR,HR_lci,HR_uci
levelBlack,0.00279366212924765,4.74553756184658,1.01334569791913,1.01123482128904,1.01546098084541
levelHispanic,-0.00243733930007101,4.74553756184658,0.988500149433547,0.987876977110682,0.989343081809844
levelOthers,-0.00765500146280455,4.74553756184658,0.964324814157508,0.960751531037616,0.967911387240354
levelWhite,-0.00151027570129827,4.74553756184658,0.992858552128862,0.992012624528962,0.993705201084002
