rn,coef,exp(coef),se(coef),z,Pr(>|z|),V2,HR_IQR,HR_lci,HR_uci
get(pollutants_i),0.00272508522684827,1.00272880164668,0.000156578500971468,17.4039552680661,7.69979234239468e-68,6.5596478398013,1.01803632420456,1.01598896082068,1.02008781331912
