rn,coef,exp(coef),se(coef),z,Pr(>|z|),IQRunit,HR_IQR,HR_lci,HR_uci
pm25,0.0133737356365451,1.0134635640394,0.00036934023110496,36.2097992859718,4.26847726000742e-287,3.81002666552193,1.05227479206424,1.04937650704006,1.05518108189511
no2,0.00426798743497128,1.00427710826459,0.000109591095016329,38.9446554424457,0,14.0769684204555,1.06192184129178,1.058715744703,1.06513764686561
ozone_summer,-0.000219686453623257,0.999780337675679,0.000166935779069304,-1.31599382018671,0.188176116863469,6.5596478398013,0.998559972065745,0.996419082812018,1.00070546119805
