rn,coef,exp(coef),se(coef),z,Pr(>|z|),V2,HR_IQR,HR_lci,HR_uci
get(pollutants_i),0.018801398353473,1.01897925756215,0.000316709767655471,59.36475686448,0,3.81002666552193,1.07426190856003,1.07172419703583,1.07680562907404
