rn,coef,exp(coef),se(coef),robust se,z,Pr(>|z|),V2,HR_IQR,HR_lci,HR_uci
get(pollutants_i),0.00271621502247714,1.00271990727673,0.000119756495142806,0.000119058938295736,22.8140369917478,3.32697754287459e-115,6.85815814001386,1.01880282008638,1.01717364321255,1.02043460636452
