rn,coef,exp(coef),se(coef),z,Pr(>|z|),IQRunit,HR_IQR,HR_lci,HR_uci
pm25,0.0133737356365451,1.0134635640394,0.00036934023110496,36.2097992859718,4.26847726000742e-287,3.81002666552193,1.05227479206424,1.04937650704006,1.05518108189511
no2,0.00426798743497128,1.00427710826459,0.000109591095016329,38.9446554424457,0,4.8143021197588,1.02075993167811,1.01970490422917,1.02181605070062
