rn,coef,exp(coef),se(coef),z,Pr(>|z|),V2,HR_IQR,HR_lci,HR_uci
get(pollutants_i),0.00871535397119181,1.00875344324203,0.000231027267705122,37.7243520116245,1.11352762358545e-308,4.8143021197588,1.04285104007388,1.04058012108487,1.0451269150225
