rn,coef,exp(coef),se(coef),z,Pr(>|z|),V2,HR_IQR,HR_lci,HR_uci
get(pollutants_i),0.00597616774107804,1.00599406065744,9.95924111782095e-05,60.0062562034406,0,14.0769684204555,1.08776629673585,1.08478139180137,1.09075941499103
