rn,coef,IQRunit,HR_IQR,HR_lci,HR_uci
level0,0.0123827654670528,4.82409019799423,1.06155581020378,1.06049136771265,1.06262132110326
level1,-0.0040466685334105,4.82409019799423,0.980667816481656,0.979436407252757,0.981900773915909
