rn,coef,IQRunit,HR_IQR,HR_lci,HR_uci
level1,0.00798595154137677,13.9170584557169,1.11755241971282,1.11591928073559,1.11918794877594
level2,-0.000740289084061132,13.9170584557169,0.989750244011896,0.988540997918357,0.990960969332009
