rn,coef,IQRunit,HR_IQR,HR_lci,HR_uci
levelFALSE,0.00329749779047424,6.51409945013059,1.02171258939191,1.02079051100336,1.02263550069234
levelTRUE,-0.00118666614793284,6.51409945013059,0.992299738787184,0.991140464496848,0.993460369007308
