rn,HR,HR_lci_bootstrap,HR_uci_bootstrap
levelFALSE,1.00466992807974,1.00201317695194,1.00733372335299
levelTRUE,1.00708283966303,1.00442034718585,1.00975238980905
