rn,HR,HR_lci_bootstrap,HR_uci_bootstrap
levelFALSE,1.00393185085217,1.00202733654019,1.00583998500028
levelTRUE,0.99946143355832,0.99757027546573,1.00135617684086
