rn,HR,HR_lci_bootstrap,HR_uci_bootstrap
levelFALSE,1.00466992807974,1.00330181509773,1.00603990663511
levelTRUE,1.00708283966303,1.00611279551399,1.00805381908062
