rn,HR,HR_lci_bootstrap,HR_uci_bootstrap
levelFALSE,1.00967600099293,1.00632319712692,1.01303997551842
levelTRUE,1.01472667972467,1.01133676660175,1.01812795554235
