rn,HR,HR_lci_bootstrap,HR_uci_bootstrap
levelFALSE,1.01438829824712,1.01106372891324,1.01772379939562
levelTRUE,1.00773159135257,1.00444461989417,1.01102931918434
