rn,HR,HR_lci_bootstrap,HR_uci_bootstrap
levelFALSE,1.01434306338046,1.01021614850481,1.0184868374465
levelTRUE,1.01043395508471,1.00631730922544,1.01456744133118
