rn,coef,exp(coef),se(coef),robust se,z,Pr(>|z|),V2,HR_IQR,HR_lci,HR_uci
get(pollutants_i),0.00198706919524137,1.00198904472552,0.000251452906011026,0.000247997636030528,8.01245216303904,1.12443579810841e-15,3.81217639117799,1.00760382160977,1.00573848969805,1.0094726131317
