rn,coef,exp(coef),se(coef),robust se,z,Pr(>|z|),V2,HR_IQR,HR_lci,HR_uci
get(pollutants_i),0.00227736143824075,1.00227995659546,0.00010416486721793,0.000418791035078978,5.43794218950095,5.38994558014172e-08,6.78145936529318,1.01556370635964,1.00992634843752,1.02123253172926
