rn,coef,exp(coef),se(coef),robust se,z,Pr(>|z|),IQRunit,HR_IQR,HR_lci,HR_uci
pm25,0.0131172953520867,1.0132037044754,0.000306455561469945,0.000303712133877177,43.1898955916966,0,3.9702558181839,1.05345898164707,1.05097217951238,1.05595166803348
no2,0.00587968861542064,1.00589700791191,9.09531175646677e-05,9.01992507620953e-05,65.1855593671015,0,14.5934157913371,1.08959355424545,1.08678605034239,1.09240831079787
ozone_summer,-0.000274339171469568,0.99972569845608,0.000138390753665113,0.000137453180977988,-1.99587357322419,0.04594768588358,6.78145936529318,0.998141309564851,0.996319389174288,0.999966561611854
