rn,coef,IQRunit,HR_IQR,HR_lci,HR_uci
level1,0.0219898986861699,3.87405461435122,1.08892401715694,1.08744768961862,1.09040234896914
level2,-0.001777115305242,3.87405461435122,0.993139003104265,0.992037424085809,0.994241805339008
