rn,coef,exp(coef),se(coef),robust se,z,Pr(>|z|),V2,HR_IQR,HR_lci,HR_uci
get(pollutants_i),0.00320841978587739,1.00321357227361,4.59720591203026e-05,0.000281429738342511,11.4004291258396,4.16063158619009e-30,14.5934157913371,1.04793525453702,1.03953348712198,1.05640492711969
