rn,coef,exp(coef),se(coef),robust se,z,Pr(>|z|),V2,HR_IQR,HR_lci,HR_uci
get(pollutants_i),0.00313172321987813,1.00313663218821,4.61975098546657e-05,0.000285157207335924,10.9824445579903,4.64189769708761e-28,14.5934157913371,1.04676299357048,1.03825992248321,1.05533570253585
