rn,coef,exp(coef),se(coef),robust se,z,Pr(>|z|),V2,HR_IQR,HR_lci,HR_uci
get(pollutants_i),0.00870330691575109,1.00874129080657,0.000178379874492525,0.00125258092678162,6.94829909163101,3.6971653812269e-12,3.9702558181839,1.03515829279286,1.02511740158552,1.0452975332196
