rn,coef,IQRunit,HR_IQR,HR_lci,HR_uci
level0,0.020156123660615,3.87405461435122,1.08121555690912,1.08000557984737,1.08242688956063
level1,0.0018891480603591,3.87405461435122,1.00734550962715,1.00597614229583,1.00871674098567
